id,created,modified,object_id,content_type_id,user_id
1,2021-11-26 17:52:23.096 +0900,2021-11-26 17:52:23.097 +0900,122430,24,49
2,2021-11-28 16:01:11.037 +0900,2021-11-28 16:01:11.038 +0900,125132,24,3306
3,2021-11-29 14:24:29.716 +0900,2021-11-29 14:24:29.717 +0900,125701,24,3483
4,2021-11-29 17:33:29.625 +0900,2021-11-29 17:33:29.625 +0900,125755,24,3481
5,2021-11-29 17:35:05.515 +0900,2021-11-29 17:35:05.515 +0900,124939,24,3448
6,2021-11-29 17:42:45.366 +0900,2021-11-29 17:42:45.366 +0900,124950,24,3448
7,2021-11-29 18:02:38.251 +0900,2021-11-29 18:02:38.251 +0900,124951,24,3448
8,2021-11-29 18:03:00.097 +0900,2021-11-29 18:03:00.097 +0900,124952,24,3448
9,2021-11-29 18:05:49.883 +0900,2021-11-29 18:05:49.883 +0900,124946,24,3448
10,2021-11-29 18:06:06.826 +0900,2021-11-29 18:06:06.826 +0900,124943,24,3448
11,2021-11-29 18:06:23.625 +0900,2021-11-29 18:06:23.626 +0900,124942,24,3448
12,2021-11-29 18:06:32.304 +0900,2021-11-29 18:06:32.304 +0900,124945,24,3448
13,2021-11-30 12:08:47.100 +0900,2021-11-30 12:08:47.100 +0900,80421,24,3437
14,2021-11-30 17:01:32.093 +0900,2021-11-30 17:01:32.093 +0900,126068,24,3334
15,2021-12-01 13:40:52.213 +0900,2021-12-01 13:40:52.213 +0900,125945,24,3334
16,2021-12-01 13:41:00.960 +0900,2021-12-01 13:41:00.961 +0900,126929,24,3392
17,2021-12-01 13:41:57.141 +0900,2021-12-01 13:41:57.141 +0900,126928,24,3392
18,2021-12-01 13:49:20.101 +0900,2021-12-01 13:49:20.101 +0900,121833,24,893
19,2021-12-01 15:39:12.484 +0900,2021-12-01 15:39:12.484 +0900,126930,24,3334
20,2021-12-02 12:19:40.620 +0900,2021-12-02 12:19:40.621 +0900,126084,24,3339
21,2021-12-02 16:32:28.104 +0900,2021-12-02 16:32:28.104 +0900,126003,24,3466
22,2021-12-03 13:08:16.321 +0900,2021-12-03 13:08:16.321 +0900,93766,24,745
23,2021-12-03 13:14:41.129 +0900,2021-12-03 13:14:41.130 +0900,93758,24,745
24,2021-12-03 13:16:41.783 +0900,2021-12-03 13:16:41.783 +0900,93768,24,745
25,2021-12-03 13:16:57.457 +0900,2021-12-03 13:16:57.457 +0900,93767,24,745
26,2021-12-03 13:35:14.263 +0900,2021-12-03 13:35:14.264 +0900,93758,24,745
27,2021-12-03 14:00:33.067 +0900,2021-12-03 14:00:33.067 +0900,93758,24,745
28,2021-12-03 14:00:56.736 +0900,2021-12-03 14:00:56.737 +0900,93768,24,745
29,2021-12-03 14:27:31.564 +0900,2021-12-03 14:27:31.564 +0900,119919,24,745
30,2021-12-03 15:36:13.364 +0900,2021-12-03 15:36:13.365 +0900,127158,24,745
31,2021-12-03 16:22:33.086 +0900,2021-12-03 16:22:33.086 +0900,127158,24,3064
32,2021-12-03 16:27:11.859 +0900,2021-12-03 16:27:11.859 +0900,93768,24,745
33,2021-12-03 16:29:08.475 +0900,2021-12-03 16:29:08.476 +0900,93768,24,3064
34,2021-12-03 16:32:11.095 +0900,2021-12-03 16:32:11.095 +0900,93768,24,3064
35,2021-12-03 16:52:40.356 +0900,2021-12-03 16:52:40.356 +0900,121765,24,745
36,2021-12-05 18:19:41.125 +0900,2021-12-05 18:19:41.125 +0900,122311,24,3521
38,2021-12-06 11:17:31.703 +0900,2021-12-06 11:17:31.703 +0900,129012,24,3503
39,2021-12-06 15:47:07.721 +0900,2021-12-06 15:47:07.722 +0900,129703,24,3537
40,2021-12-09 21:31:06.054 +0900,2021-12-09 21:31:06.054 +0900,131101,24,3564
41,2021-12-10 13:10:36.658 +0900,2021-12-10 13:10:36.659 +0900,131110,24,3466
42,2021-12-13 13:15:10.902 +0900,2021-12-13 13:15:10.902 +0900,9010,24,3590
43,2021-12-13 13:24:59.864 +0900,2021-12-13 13:24:59.865 +0900,133447,24,3590
44,2021-12-13 13:28:11.139 +0900,2021-12-13 13:28:11.139 +0900,94634,24,3590
45,2021-12-13 16:22:19.026 +0900,2021-12-13 16:22:19.027 +0900,133447,24,3590
46,2021-12-13 16:23:49.600 +0900,2021-12-13 16:23:49.601 +0900,133447,24,3590
47,2021-12-13 16:26:37.334 +0900,2021-12-13 16:26:37.334 +0900,133447,24,3590
48,2021-12-13 16:46:29.163 +0900,2021-12-13 16:46:29.163 +0900,134499,24,3590
49,2021-12-14 12:56:28.843 +0900,2021-12-14 12:56:28.843 +0900,131187,24,3466
50,2021-12-14 12:56:58.879 +0900,2021-12-14 12:56:58.879 +0900,131186,24,3466
51,2021-12-14 12:59:09.656 +0900,2021-12-14 12:59:09.657 +0900,131109,24,3466
52,2021-12-14 12:59:16.726 +0900,2021-12-14 12:59:16.726 +0900,131108,24,3466
53,2021-12-14 14:35:26.939 +0900,2021-12-14 14:35:26.940 +0900,131184,24,3466
54,2021-12-14 14:35:37.259 +0900,2021-12-14 14:35:37.259 +0900,131185,24,3466
55,2021-12-14 15:31:05.557 +0900,2021-12-14 15:31:05.557 +0900,14443,24,745
56,2021-12-14 15:33:22.012 +0900,2021-12-14 15:33:22.012 +0900,77341,24,745
57,2021-12-14 15:34:14.370 +0900,2021-12-14 15:34:14.370 +0900,8329,24,745
58,2021-12-14 15:37:41.941 +0900,2021-12-14 15:37:41.941 +0900,13178,24,745
59,2021-12-14 15:37:52.940 +0900,2021-12-14 15:37:52.940 +0900,13176,24,745
60,2021-12-14 15:50:04.036 +0900,2021-12-14 15:50:04.036 +0900,127375,24,3466
61,2021-12-14 15:50:13.407 +0900,2021-12-14 15:50:13.407 +0900,127374,24,3466
62,2021-12-14 15:50:24.105 +0900,2021-12-14 15:50:24.105 +0900,127374,24,3466
63,2021-12-14 15:50:32.241 +0900,2021-12-14 15:50:32.242 +0900,127372,24,3466
64,2021-12-14 18:02:46.258 +0900,2021-12-14 18:02:46.259 +0900,81690,24,745
65,2021-12-15 18:58:26.224 +0900,2021-12-15 18:58:26.224 +0900,127389,24,3657
66,2021-12-15 20:08:50.029 +0900,2021-12-15 20:08:50.029 +0900,131185,24,3466
67,2021-12-15 20:08:58.952 +0900,2021-12-15 20:08:58.952 +0900,131184,24,3466
68,2021-12-16 15:55:34.608 +0900,2021-12-16 15:55:34.608 +0900,137915,24,3466
69,2021-12-16 15:55:49.058 +0900,2021-12-16 15:55:49.058 +0900,137913,24,3466
70,2021-12-16 15:55:58.454 +0900,2021-12-16 15:55:58.454 +0900,137916,24,3466
71,2021-12-16 15:56:07.534 +0900,2021-12-16 15:56:07.534 +0900,137922,24,3466
72,2021-12-16 15:56:14.569 +0900,2021-12-16 15:56:14.569 +0900,137925,24,3466
73,2021-12-16 16:04:12.334 +0900,2021-12-16 16:04:12.334 +0900,135829,24,3466
74,2021-12-16 16:04:19.026 +0900,2021-12-16 16:04:19.027 +0900,135830,24,3466
75,2021-12-17 17:58:46.662 +0900,2021-12-17 17:58:46.663 +0900,82757,24,745
76,2021-12-22 02:09:26.808 +0900,2021-12-22 02:09:26.808 +0900,137932,24,3759
77,2021-12-23 10:33:42.152 +0900,2021-12-23 10:33:42.153 +0900,78329,24,745
79,2022-01-02 23:15:55.155 +0900,2022-01-02 23:15:55.155 +0900,172797,24,3437
80,2022-01-04 10:20:09.386 +0900,2022-01-04 10:20:09.386 +0900,205560,24,745
81,2022-01-04 18:05:56.165 +0900,2022-01-04 18:05:56.165 +0900,127136,24,3437
82,2022-01-04 18:06:23.527 +0900,2022-01-04 18:06:23.527 +0900,127136,24,3437
83,2022-01-04 18:06:42.231 +0900,2022-01-04 18:06:42.231 +0900,137951,24,3437
84,2022-01-04 18:06:53.708 +0900,2022-01-04 18:06:53.708 +0900,137951,24,3437
85,2022-01-06 11:14:31.854 +0900,2022-01-06 11:14:31.854 +0900,82643,24,3844
86,2022-01-06 13:20:25.862 +0900,2022-01-06 13:20:25.863 +0900,67615,24,3854
87,2022-01-06 13:20:40.170 +0900,2022-01-06 13:20:40.170 +0900,67612,24,3854
88,2022-01-06 13:20:50.157 +0900,2022-01-06 13:20:50.157 +0900,67609,24,3854
89,2022-01-06 13:21:00.216 +0900,2022-01-06 13:21:00.216 +0900,67602,24,3854
90,2022-01-06 13:21:08.162 +0900,2022-01-06 13:21:08.162 +0900,67601,24,3854
91,2022-01-06 13:21:35.457 +0900,2022-01-06 13:21:35.458 +0900,174251,24,3854
92,2022-01-06 15:06:45.446 +0900,2022-01-06 15:06:45.446 +0900,216706,24,3857
93,2022-01-06 15:43:11.546 +0900,2022-01-06 15:43:11.546 +0900,216735,24,3861
94,2022-01-07 17:39:11.434 +0900,2022-01-07 17:39:11.435 +0900,13477,24,745
95,2022-01-11 10:22:47.534 +0900,2022-01-11 10:22:47.534 +0900,216838,24,745
96,2022-01-11 10:23:27.367 +0900,2022-01-11 10:23:27.368 +0900,216838,24,745
97,2022-01-11 14:38:37.832 +0900,2022-01-11 14:38:37.832 +0900,66855,24,1118
98,2022-01-12 14:40:49.080 +0900,2022-01-12 14:40:49.080 +0900,12305,24,3936
99,2022-01-12 15:55:42.934 +0900,2022-01-12 15:55:42.934 +0900,12307,24,3936
100,2022-01-12 16:19:28.575 +0900,2022-01-12 16:19:28.575 +0900,12292,24,3936
101,2022-01-12 17:01:19.064 +0900,2022-01-12 17:01:19.064 +0900,11785,24,3437
102,2022-01-15 02:37:43.461 +0900,2022-01-15 02:37:43.461 +0900,247116,24,3966
103,2022-01-15 11:34:43.073 +0900,2022-01-15 11:34:43.074 +0900,248945,24,49
104,2022-01-17 22:10:37.515 +0900,2022-01-17 22:10:37.515 +0900,3389,24,3961
105,2022-01-18 00:52:52.388 +0900,2022-01-18 00:52:52.389 +0900,269076,24,3988
106,2022-01-19 10:07:00.288 +0900,2022-01-19 10:07:00.288 +0900,97204,24,4016
107,2022-01-19 10:08:21.724 +0900,2022-01-19 10:08:21.724 +0900,80242,24,4016
108,2022-01-19 11:12:58.080 +0900,2022-01-19 11:12:58.080 +0900,247088,24,745
109,2022-01-20 13:48:13.548 +0900,2022-01-20 13:48:13.549 +0900,123439,24,745
110,2022-01-21 11:33:02.541 +0900,2022-01-21 11:33:02.541 +0900,65448,24,3437
111,2022-01-21 12:58:47.519 +0900,2022-01-21 12:58:47.520 +0900,173355,24,3437
112,2022-01-21 12:59:13.978 +0900,2022-01-21 12:59:13.979 +0900,173355,24,3437
113,2022-01-21 12:59:28.263 +0900,2022-01-21 12:59:28.263 +0900,173463,24,3437
114,2022-01-21 15:40:06.197 +0900,2022-01-21 15:40:06.198 +0900,323915,24,3984
115,2022-01-21 17:38:18.243 +0900,2022-01-21 17:38:18.243 +0900,325954,24,893
116,2022-01-25 15:19:44.936 +0900,2022-01-25 15:19:44.936 +0900,11779,24,4085
117,2022-01-25 20:14:04.625 +0900,2022-01-25 20:14:04.625 +0900,153061,24,4090
118,2022-01-25 20:28:04.011 +0900,2022-01-25 20:28:04.011 +0900,77500,24,49
119,2022-01-25 20:28:45.884 +0900,2022-01-25 20:28:45.885 +0900,122437,24,49
120,2022-01-25 20:29:56.245 +0900,2022-01-25 20:29:56.245 +0900,121285,24,49
121,2022-01-26 14:53:00.762 +0900,2022-01-26 14:53:00.762 +0900,3468,24,49
122,2022-01-26 14:53:49.693 +0900,2022-01-26 14:53:49.693 +0900,3562,24,49
123,2022-01-27 13:15:52.810 +0900,2022-01-27 13:15:52.811 +0900,8398,24,49
124,2022-01-27 14:24:58.789 +0900,2022-01-27 14:24:58.789 +0900,137951,24,3437
125,2022-01-27 14:25:12.134 +0900,2022-01-27 14:25:12.134 +0900,11786,24,3437
126,2022-01-27 14:25:40.055 +0900,2022-01-27 14:25:40.056 +0900,137951,24,3437
127,2022-01-27 14:25:53.258 +0900,2022-01-27 14:25:53.258 +0900,11783,24,3437
129,2022-02-04 12:10:43.108 +0900,2022-02-04 12:10:43.108 +0900,346577,24,745
130,2022-02-04 14:28:36.472 +0900,2022-02-04 14:28:36.473 +0900,269086,24,745
131,2022-02-08 11:18:32.637 +0900,2022-02-08 11:18:32.638 +0900,130546,24,4149
132,2022-02-09 22:59:13.091 +0900,2022-02-09 22:59:13.091 +0900,79208,24,585
133,2022-02-10 16:09:08.978 +0900,2022-02-10 16:09:08.978 +0900,12564,24,745
134,2022-02-11 16:12:40.620 +0900,2022-02-11 16:12:40.620 +0900,124863,24,3320
135,2022-02-15 03:19:47.776 +0900,2022-02-15 03:19:47.777 +0900,363571,24,4174
136,2022-02-17 10:41:32.319 +0900,2022-02-17 10:41:32.319 +0900,358547,24,3569
137,2022-02-20 00:14:25.024 +0900,2022-02-20 00:14:25.024 +0900,373916,24,4237
138,2022-02-21 07:52:25.943 +0900,2022-02-21 07:52:25.943 +0900,376318,24,4127
139,2022-02-21 09:00:59.670 +0900,2022-02-21 09:00:59.670 +0900,334418,24,745
140,2022-02-21 09:01:13.742 +0900,2022-02-21 09:01:13.743 +0900,334417,24,745
141,2022-02-21 14:33:22.112 +0900,2022-02-21 14:33:22.113 +0900,378820,24,4250
142,2022-02-22 16:24:00.966 +0900,2022-02-22 16:24:00.966 +0900,1768,24,745
143,2022-02-22 23:11:22.126 +0900,2022-02-22 23:11:22.126 +0900,381435,24,4265
144,2022-02-22 23:31:30.630 +0900,2022-02-22 23:31:30.630 +0900,73139,24,4265
145,2022-02-22 23:40:43.225 +0900,2022-02-22 23:40:43.225 +0900,124277,24,4265
146,2022-02-22 23:46:32.318 +0900,2022-02-22 23:46:32.318 +0900,9598,24,4265
147,2022-02-22 23:46:45.954 +0900,2022-02-22 23:46:45.954 +0900,9597,24,4265
148,2022-02-22 23:47:10.646 +0900,2022-02-22 23:47:10.646 +0900,78461,24,4265
149,2022-02-22 23:47:43.678 +0900,2022-02-22 23:47:43.678 +0900,92676,24,4265
150,2022-02-22 23:48:03.062 +0900,2022-02-22 23:48:03.062 +0900,44082,24,4265
151,2022-02-22 23:48:32.666 +0900,2022-02-22 23:48:32.666 +0900,80078,24,4265
152,2022-02-22 23:48:44.362 +0900,2022-02-22 23:48:44.363 +0900,15604,24,4265
153,2022-02-22 23:48:54.220 +0900,2022-02-22 23:48:54.220 +0900,15601,24,4265
154,2022-02-22 23:49:12.986 +0900,2022-02-22 23:49:12.986 +0900,13831,24,4265
155,2022-02-23 09:16:45.526 +0900,2022-02-23 09:16:45.526 +0900,12127,24,4264
156,2022-02-23 13:57:45.530 +0900,2022-02-23 13:57:45.530 +0900,80008,24,4083
157,2022-02-23 17:55:01.920 +0900,2022-02-23 17:55:01.920 +0900,130496,24,4237
158,2022-02-25 14:38:35.525 +0900,2022-02-25 14:38:35.526 +0900,222973,24,745
159,2022-02-25 17:36:16.710 +0900,2022-02-25 17:36:16.710 +0900,10044,24,745
160,2022-03-01 11:34:54.430 +0900,2022-03-01 11:34:54.430 +0900,397377,24,4083
161,2022-03-01 18:32:42.392 +0900,2022-03-01 18:32:42.392 +0900,12589,24,900
162,2022-03-07 10:00:14.874 +0900,2022-03-07 10:00:14.874 +0900,205557,24,745
163,2022-03-08 00:34:01.570 +0900,2022-03-08 00:34:01.570 +0900,14456,24,4359
164,2022-03-08 00:34:15.954 +0900,2022-03-08 00:34:15.954 +0900,14454,24,4359
165,2022-03-08 00:34:25.643 +0900,2022-03-08 00:34:25.644 +0900,14453,24,4359
166,2022-03-08 17:03:02.970 +0900,2022-03-08 17:03:02.970 +0900,408732,24,49
167,2022-03-08 17:08:14.762 +0900,2022-03-08 17:08:14.762 +0900,381362,24,49
168,2022-03-08 17:10:45.763 +0900,2022-03-08 17:10:45.763 +0900,384018,24,49
169,2022-03-08 17:11:12.752 +0900,2022-03-08 17:11:12.752 +0900,381493,24,49
170,2022-03-10 22:06:43.007 +0900,2022-03-10 22:06:43.007 +0900,402921,24,49
171,2022-03-10 22:07:42.959 +0900,2022-03-10 22:07:42.959 +0900,364991,24,49
172,2022-03-10 22:10:06.538 +0900,2022-03-10 22:10:06.539 +0900,364989,24,49
173,2022-03-11 09:30:10.426 +0900,2022-03-11 09:30:10.426 +0900,397357,24,4127
174,2022-03-11 13:31:39.270 +0900,2022-03-11 13:31:39.270 +0900,98197,24,3437
175,2022-03-11 14:04:40.846 +0900,2022-03-11 14:04:40.847 +0900,415262,24,745
176,2022-03-11 14:11:11.756 +0900,2022-03-11 14:11:11.757 +0900,125657,24,745
177,2022-03-13 16:25:49.554 +0900,2022-03-13 16:25:49.554 +0900,415384,24,4014
178,2022-03-16 16:38:52.349 +0900,2022-03-16 16:38:52.349 +0900,11834,24,3832
179,2022-03-16 16:39:55.009 +0900,2022-03-16 16:39:55.009 +0900,210907,24,3832
180,2022-03-18 15:19:22.185 +0900,2022-03-18 15:19:22.185 +0900,419017,24,4380
181,2022-03-21 16:38:04.068 +0900,2022-03-21 16:38:04.068 +0900,410624,24,4456
182,2022-03-21 19:32:10.805 +0900,2022-03-21 19:32:10.805 +0900,426054,24,4420
183,2022-03-22 11:31:36.115 +0900,2022-03-22 11:31:36.116 +0900,130550,24,4337
184,2022-03-22 11:36:34.818 +0900,2022-03-22 11:36:34.818 +0900,136315,24,4337
185,2022-03-31 08:06:38.649 +0900,2022-03-31 08:06:38.650 +0900,94178,24,4522
186,2022-03-31 20:31:42.999 +0900,2022-03-31 20:31:42.999 +0900,130571,24,4532
187,2022-04-01 09:04:27.443 +0900,2022-04-01 09:04:27.443 +0900,418467,24,745
188,2022-04-01 13:35:25.759 +0900,2022-04-01 13:35:25.760 +0900,120741,24,4535
189,2022-04-01 14:30:49.603 +0900,2022-04-01 14:30:49.603 +0900,445826,24,745
190,2022-04-05 11:47:19.599 +0900,2022-04-05 11:47:19.599 +0900,452304,24,745
191,2022-04-05 11:47:46.358 +0900,2022-04-05 11:47:46.359 +0900,348435,24,745
192,2022-04-05 14:33:50.305 +0900,2022-04-05 14:33:50.306 +0900,454330,24,745
193,2022-04-05 16:01:21.841 +0900,2022-04-05 16:01:21.841 +0900,454341,24,745
194,2022-04-05 17:03:46.886 +0900,2022-04-05 17:03:46.886 +0900,454352,24,745
195,2022-04-05 17:03:59.458 +0900,2022-04-05 17:03:59.459 +0900,376331,24,745
196,2022-04-05 17:04:41.438 +0900,2022-04-05 17:04:41.438 +0900,376332,24,745
197,2022-04-07 09:37:55.572 +0900,2022-04-07 09:37:55.572 +0900,456372,24,49
198,2022-04-11 11:43:52.424 +0900,2022-04-11 11:43:52.425 +0900,118445,24,3437
199,2022-04-11 11:46:13.647 +0900,2022-04-11 11:46:13.647 +0900,118448,24,3437
200,2022-04-11 11:46:24.257 +0900,2022-04-11 11:46:24.257 +0900,118446,24,3437
201,2022-04-11 11:46:39.713 +0900,2022-04-11 11:46:39.714 +0900,118444,24,3437
202,2022-04-11 11:46:55.058 +0900,2022-04-11 11:46:55.059 +0900,118433,24,3437
203,2022-04-11 11:47:03.156 +0900,2022-04-11 11:47:03.156 +0900,118432,24,3437
204,2022-04-11 11:47:13.754 +0900,2022-04-11 11:47:13.755 +0900,118431,24,3437
205,2022-04-11 11:47:30.778 +0900,2022-04-11 11:47:30.779 +0900,118452,24,3437
206,2022-04-11 11:47:43.968 +0900,2022-04-11 11:47:43.968 +0900,118437,24,3437
207,2022-04-14 09:22:55.474 +0900,2022-04-14 09:22:55.475 +0900,469349,24,745
208,2022-04-15 09:30:26.922 +0900,2022-04-15 09:30:26.922 +0900,471361,24,4649
209,2022-04-15 09:55:06.353 +0900,2022-04-15 09:55:06.354 +0900,94819,24,4640
210,2022-04-15 09:55:24.816 +0900,2022-04-15 09:55:24.816 +0900,94818,24,4640
211,2022-04-19 11:48:53.562 +0900,2022-04-19 11:48:53.562 +0900,467128,24,3984
212,2022-04-19 17:55:30.837 +0900,2022-04-19 17:55:30.837 +0900,478006,24,4014
213,2022-04-20 22:46:54.731 +0900,2022-04-20 22:46:54.731 +0900,475797,24,4696
214,2022-04-22 09:26:58.498 +0900,2022-04-22 09:26:58.498 +0900,481454,24,4127
215,2022-04-22 09:27:24.459 +0900,2022-04-22 09:27:24.459 +0900,481453,24,4127
216,2022-04-22 09:27:50.918 +0900,2022-04-22 09:27:50.918 +0900,481451,24,4127
217,2022-04-22 09:28:06.142 +0900,2022-04-22 09:28:06.143 +0900,481448,24,4127
218,2022-04-22 09:28:23.170 +0900,2022-04-22 09:28:23.171 +0900,481446,24,4127
219,2022-04-22 13:23:54.201 +0900,2022-04-22 13:23:54.201 +0900,364994,24,49
220,2022-04-22 13:33:53.254 +0900,2022-04-22 13:33:53.254 +0900,465842,24,49
221,2022-04-22 13:35:14.044 +0900,2022-04-22 13:35:14.044 +0900,466127,24,49
222,2022-04-22 13:41:14.199 +0900,2022-04-22 13:41:14.200 +0900,8398,24,49
223,2022-04-22 13:41:32.440 +0900,2022-04-22 13:41:32.440 +0900,8398,24,49
224,2022-04-22 13:42:41.686 +0900,2022-04-22 13:42:41.686 +0900,467073,24,49
225,2022-04-22 13:43:04.763 +0900,2022-04-22 13:43:04.763 +0900,467076,24,49
226,2022-04-22 13:44:35.375 +0900,2022-04-22 13:44:35.375 +0900,467088,24,49
227,2022-04-22 13:44:58.666 +0900,2022-04-22 13:44:58.666 +0900,467099,24,49
228,2022-04-22 13:45:20.642 +0900,2022-04-22 13:45:20.642 +0900,468927,24,49
229,2022-04-22 13:55:19.405 +0900,2022-04-22 13:55:19.406 +0900,364992,24,49
230,2022-04-22 13:55:49.888 +0900,2022-04-22 13:55:49.889 +0900,384014,24,49
231,2022-04-22 13:57:01.503 +0900,2022-04-22 13:57:01.503 +0900,384017,24,49
232,2022-04-22 14:01:22.270 +0900,2022-04-22 14:01:22.270 +0900,381362,24,49
233,2022-04-22 14:01:52.430 +0900,2022-04-22 14:01:52.430 +0900,405849,24,49
234,2022-04-22 14:02:19.006 +0900,2022-04-22 14:02:19.006 +0900,408732,24,49
235,2022-04-22 14:03:05.997 +0900,2022-04-22 14:03:05.997 +0900,364996,24,49
236,2022-04-25 09:42:10.467 +0900,2022-04-25 09:42:10.467 +0900,484142,24,4083
237,2022-04-27 11:14:41.725 +0900,2022-04-27 11:14:41.725 +0900,421701,24,745
238,2022-04-28 15:55:15.322 +0900,2022-04-28 15:55:15.322 +0900,485543,24,49
239,2022-04-29 10:26:56.555 +0900,2022-04-29 10:26:56.555 +0900,431243,24,4337
240,2022-04-29 15:07:04.722 +0900,2022-04-29 15:07:04.722 +0900,486427,24,4730
241,2022-05-03 15:16:45.790 +0900,2022-05-03 15:16:45.790 +0900,293923,24,4778
242,2022-05-03 15:32:59.166 +0900,2022-05-03 15:32:59.166 +0900,373859,24,4778
243,2022-05-12 10:02:10.599 +0900,2022-05-12 10:02:10.599 +0900,173355,24,4806
244,2022-05-16 10:53:00.483 +0900,2022-05-16 10:53:00.484 +0900,441893,24,4846
245,2022-05-16 10:53:54.827 +0900,2022-05-16 10:53:54.828 +0900,441894,24,4846
246,2022-05-16 23:37:41.184 +0900,2022-05-16 23:37:41.184 +0900,10501,24,3569
247,2022-05-16 23:39:05.648 +0900,2022-05-16 23:39:05.648 +0900,10500,24,3569
248,2022-05-16 23:39:53.818 +0900,2022-05-16 23:39:53.819 +0900,10519,24,3569
249,2022-05-16 23:42:33.751 +0900,2022-05-16 23:42:33.751 +0900,10499,24,3569
250,2022-05-16 23:42:52.964 +0900,2022-05-16 23:42:52.964 +0900,10498,24,3569
251,2022-05-16 23:43:14.392 +0900,2022-05-16 23:43:14.392 +0900,10497,24,3569
252,2022-05-16 23:43:23.775 +0900,2022-05-16 23:43:23.775 +0900,10496,24,3569
253,2022-05-20 11:09:44.677 +0900,2022-05-20 11:09:44.678 +0900,69711,24,4760
254,2022-05-20 11:10:01.974 +0900,2022-05-20 11:10:01.975 +0900,69709,24,4760
255,2022-05-27 11:07:53.759 +0900,2022-05-27 11:07:53.759 +0900,498323,24,745
256,2022-05-30 11:51:33.452 +0900,2022-05-30 11:51:33.452 +0900,94437,24,4760
257,2022-05-30 11:51:47.085 +0900,2022-05-30 11:51:47.085 +0900,94434,24,4760
258,2022-05-30 11:51:57.979 +0900,2022-05-30 11:51:57.979 +0900,94433,24,4760
259,2022-05-30 11:52:14.102 +0900,2022-05-30 11:52:14.102 +0900,94430,24,4760
260,2022-05-30 11:52:24.347 +0900,2022-05-30 11:52:24.347 +0900,94432,24,4760
261,2022-05-30 11:52:35.079 +0900,2022-05-30 11:52:35.079 +0900,94439,24,4760
262,2022-05-30 11:52:45.610 +0900,2022-05-30 11:52:45.610 +0900,94473,24,4760
263,2022-05-30 11:52:58.736 +0900,2022-05-30 11:52:58.736 +0900,94462,24,4760
264,2022-05-30 11:53:09.088 +0900,2022-05-30 11:53:09.089 +0900,94449,24,4760
265,2022-05-30 11:53:18.705 +0900,2022-05-30 11:53:18.705 +0900,93212,24,4760
266,2022-05-30 11:53:29.262 +0900,2022-05-30 11:53:29.262 +0900,93211,24,4760
267,2022-05-30 11:53:40.118 +0900,2022-05-30 11:53:40.118 +0900,94461,24,4760
268,2022-05-30 11:53:54.322 +0900,2022-05-30 11:53:54.323 +0900,94460,24,4760
269,2022-05-30 11:54:06.938 +0900,2022-05-30 11:54:06.938 +0900,94450,24,4760
270,2022-05-30 11:54:15.384 +0900,2022-05-30 11:54:15.384 +0900,94438,24,4760
271,2022-05-30 11:54:22.946 +0900,2022-05-30 11:54:22.947 +0900,93210,24,4760
272,2022-05-30 11:54:35.921 +0900,2022-05-30 11:54:35.921 +0900,93209,24,4760
273,2022-05-30 13:01:33.287 +0900,2022-05-30 13:01:33.287 +0900,502159,24,4913
274,2022-05-30 13:01:40.734 +0900,2022-05-30 13:01:40.735 +0900,502158,24,4913
275,2022-05-30 13:01:52.217 +0900,2022-05-30 13:01:52.217 +0900,502157,24,4913
276,2022-05-30 13:01:58.172 +0900,2022-05-30 13:01:58.172 +0900,502156,24,4913
277,2022-05-30 13:02:05.736 +0900,2022-05-30 13:02:05.736 +0900,502155,24,4913
278,2022-06-02 15:55:31.810 +0900,2022-06-02 15:55:31.811 +0900,134584,24,4817
279,2022-06-03 10:10:52.323 +0900,2022-06-03 10:10:52.323 +0900,505030,24,4990
280,2022-06-04 23:17:17.190 +0900,2022-06-04 23:17:17.190 +0900,505499,24,5433
281,2022-06-06 08:56:41.271 +0900,2022-06-06 08:56:41.271 +0900,495081,24,5147
282,2022-06-06 08:57:56.127 +0900,2022-06-06 08:57:56.127 +0900,495080,24,5147
283,2022-06-06 08:58:12.250 +0900,2022-06-06 08:58:12.251 +0900,495077,24,5147
284,2022-06-06 08:58:55.618 +0900,2022-06-06 08:58:55.619 +0900,495075,24,5147
285,2022-06-06 09:57:28.747 +0900,2022-06-06 09:57:28.748 +0900,460812,24,5147
286,2022-06-06 17:34:41.519 +0900,2022-06-06 17:34:41.519 +0900,498038,24,5557
287,2022-06-06 17:36:04.290 +0900,2022-06-06 17:36:04.290 +0900,498039,24,5557
288,2022-06-06 17:37:04.795 +0900,2022-06-06 17:37:04.795 +0900,498044,24,5557
289,2022-06-06 17:37:36.463 +0900,2022-06-06 17:37:36.463 +0900,498046,24,5557
290,2022-06-06 17:39:32.323 +0900,2022-06-06 17:39:32.323 +0900,497439,24,5557
291,2022-06-06 17:40:02.431 +0900,2022-06-06 17:40:02.432 +0900,497431,24,5557
292,2022-06-06 17:42:07.438 +0900,2022-06-06 17:42:07.438 +0900,497482,24,5557
293,2022-06-07 08:26:21.880 +0900,2022-06-07 08:26:21.880 +0900,487829,24,4127
294,2022-06-07 08:26:38.462 +0900,2022-06-07 08:26:38.462 +0900,487827,24,4127
295,2022-06-07 08:26:52.765 +0900,2022-06-07 08:26:52.766 +0900,500215,24,4127
296,2022-06-07 08:27:06.785 +0900,2022-06-07 08:27:06.786 +0900,487840,24,4127
297,2022-06-07 08:27:16.997 +0900,2022-06-07 08:27:16.997 +0900,487838,24,4127
298,2022-06-07 08:28:10.113 +0900,2022-06-07 08:28:10.113 +0900,487846,24,4127
299,2022-06-07 08:28:46.745 +0900,2022-06-07 08:28:46.745 +0900,471039,24,4127
300,2022-06-07 08:29:24.289 +0900,2022-06-07 08:29:24.289 +0900,470809,24,4127
301,2022-06-07 08:37:15.276 +0900,2022-06-07 08:37:15.276 +0900,496237,24,4127
302,2022-06-07 22:00:45.867 +0900,2022-06-07 22:00:45.867 +0900,81578,24,5601
303,2022-06-07 22:01:00.967 +0900,2022-06-07 22:01:00.967 +0900,81574,24,5601
