id,created,modified,title,pik_id,user_id,position,is_initial,old_id,is_deleted,platform,next_obj,previous_obj,memo,is_default
1048,2019-07-03 06:21:24.874 +0900,2019-07-03 06:21:24.874 +0900,Code,335,349,1,False,,False,,1047,0,,False
1047,2019-07-03 06:21:22.496 +0900,2019-07-03 06:21:22.496 +0900,Theory,335,349,1,False,,False,,1046,1048,,False
1050,2019-07-03 06:48:29.210 +0900,2019-07-03 06:48:29.211 +0900,pdf,336,349,1,False,,False,,1049,0,,False
1049,2019-07-03 06:48:23.623 +0900,2020-03-05 10:20:03.895 +0900,General,336,349,1,True,,False,,0,1050,,False
1065,2019-07-08 08:48:12.204 +0900,2019-07-08 08:48:12.205 +0900,Probability,337,349,1,False,,False,,1061,1244,,False
1061,2019-07-05 08:17:25.977 +0900,2020-03-05 10:20:03.901 +0900,General,337,349,1,True,,False,,1059,1065,,False
1059,2019-07-05 00:20:29.666 +0900,2019-07-05 00:20:29.666 +0900,Prior Knowledge,337,349,1,False,,False,,1054,1061,,False
1054,2019-07-03 14:50:03.082 +0900,2019-07-03 14:50:03.083 +0900,Terminology,337,349,1,False,,False,,1053,1059,,False
1053,2019-07-03 13:13:17.133 +0900,2019-07-03 15:23:46.357 +0900,Background Theories,337,349,1,False,,False,,1052,1054,,False
1052,2019-07-03 12:59:32.329 +0900,2019-07-03 12:59:32.329 +0900,Loss function,337,349,1,False,,False,,1051,1053,,False
14689,2021-09-25 15:23:12.638 +0900,2021-09-25 15:23:12.638 +0900,경영 마케팅 관련 자격증,6625,3108,-1,False,,False,web,14683,14691,,False
10027,2021-08-24 16:19:52.807 +0900,2021-08-24 16:22:49.330 +0900,작곡,5163,2891,-1,False,,True,,-1,-1,,False
1051,2019-07-03 12:59:26.843 +0900,2019-07-04 00:15:31.553 +0900,Lecture Notes,337,349,1,False,,False,,0,1052,,False
63,2019-02-21 04:43:43.227 +0900,2019-02-21 04:43:43.227 +0900,Theme & Motif,21,20,1,False,,False,,62,817,,False
62,2019-02-21 04:43:33.738 +0900,2019-02-21 04:43:33.739 +0900,Slogan,21,20,1,False,,False,,61,63,,False
61,2019-02-21 04:43:27.783 +0900,2019-02-21 04:43:27.783 +0900,Brand Identity,21,20,1,False,,False,,60,62,,False
68,2019-02-21 06:05:33.432 +0900,2019-02-21 06:05:33.433 +0900,Survey Engagement,22,20,1,False,,False,,67,0,,False
67,2019-02-21 06:04:51.777 +0900,2019-02-21 06:04:51.777 +0900,Survey Length,22,20,1,False,,False,,66,68,,False
66,2019-02-21 06:01:55.653 +0900,2019-02-21 06:01:55.654 +0900,Research Methods,22,20,1,False,,False,,65,67,,False
65,2019-02-21 06:00:54.953 +0900,2019-02-21 06:00:54.953 +0900,Survey Tools,22,20,1,False,,False,,64,66,,False
76,2019-02-21 06:19:19.710 +0900,2019-02-21 06:19:19.710 +0900,B2B vs. B2C Sites,23,20,1,False,,False,,75,297,,False
75,2019-02-21 06:18:22.445 +0900,2019-02-21 06:18:22.445 +0900,Homepage & Landing page Differences,23,20,1,False,,False,,74,76,,False
74,2019-02-21 06:17:16.216 +0900,2019-02-21 06:17:16.216 +0900,Landing Pages Goals,23,20,1,False,,False,,73,75,,False
73,2019-02-21 06:16:24.476 +0900,2019-02-21 06:16:24.476 +0900,Landing Pages Examples,23,20,1,False,,False,,72,74,,False
72,2019-02-21 06:15:20.619 +0900,2019-02-21 06:15:20.620 +0900,Prelaunch Landing Page Examples,23,20,1,False,,False,,71,73,,False
71,2019-02-21 06:12:01.390 +0900,2019-02-21 06:12:10.617 +0900,Landing Page Types,23,20,1,False,,False,,70,72,,False
70,2019-02-21 06:08:46.648 +0900,2019-02-21 06:09:08.553 +0900,Landing Page Elements,23,20,1,False,,False,,69,71,,False
121,2019-02-26 07:22:42.366 +0900,2019-02-26 07:22:42.367 +0900,Enter,24,19,1,False,,False,,82,0,,False
82,2019-02-21 06:44:08.470 +0900,2019-02-21 06:44:08.470 +0900,Best SetUp,24,20,1,False,,False,,81,121,,False
81,2019-02-21 06:41:18.528 +0900,2019-02-21 06:41:18.529 +0900,Best Gameplay & Videos,24,20,1,False,,False,,80,82,,False
80,2019-02-21 06:41:03.602 +0900,2019-02-21 06:41:03.602 +0900,Dv.a Section,24,36,1,False,,False,,79,81,,False
79,2019-02-21 06:38:30.609 +0900,2019-02-21 06:38:30.609 +0900,Tips & Tricks,24,20,1,False,,False,,78,80,,False
78,2019-02-21 06:36:39.040 +0900,2019-02-21 06:36:39.040 +0900,The Best Players,24,20,1,False,,False,,77,79,,False
77,2019-02-21 06:33:27.308 +0900,2019-02-21 06:33:49.457 +0900,Basics,24,20,1,False,,False,,0,78,,False
120,2019-02-26 04:04:34.661 +0900,2019-02-26 04:04:58.554 +0900,Leon,26,20,1,False,,False,,119,0,,False
119,2019-02-26 04:04:34.588 +0900,2019-02-26 04:04:52.614 +0900,Bull,26,20,1,False,,False,,116,120,,False
116,2019-02-26 04:04:25.906 +0900,2019-02-26 04:04:25.907 +0900,Ranking,26,20,1,False,,False,,115,119,,False
115,2019-02-26 03:44:35.478 +0900,2019-02-26 03:44:35.478 +0900,Crow,26,20,1,False,,False,,84,116,,False
90,2019-02-21 09:07:05.894 +0900,2019-02-21 09:07:05.894 +0900,Legal Issues,27,20,1,False,,False,,89,0,,False
89,2019-02-21 09:05:39.615 +0900,2019-02-21 09:05:39.615 +0900,Email Marketing Apps,27,20,1,False,,False,,88,90,,False
88,2019-02-21 09:03:52.254 +0900,2019-02-21 09:03:52.254 +0900,Email Samples,27,20,1,False,,False,,87,89,,False
87,2019-02-21 09:00:19.183 +0900,2019-02-21 09:00:19.183 +0900,Best Practices,27,20,1,False,,False,,86,88,,False
86,2019-02-21 08:55:06.281 +0900,2019-02-21 08:55:06.282 +0900,Pros & Cons,27,20,1,False,,False,,85,87,,False
85,2019-02-21 08:54:27.989 +0900,2019-02-21 08:54:45.209 +0900,What are Cold Emails?,27,20,1,False,,False,,0,86,,False
105,2019-02-21 12:22:29.712 +0900,2019-02-21 12:22:29.712 +0900,out of box design,28,19,1,False,,False,,96,0,,False
96,2019-02-21 09:15:35.971 +0900,2019-02-21 09:15:35.971 +0900,Online Business Card Services,28,20,1,False,,False,,95,105,,False
95,2019-02-21 09:14:27.036 +0900,2019-02-21 09:14:27.036 +0900,Business Card Etiquette,28,20,1,False,,False,,94,96,,False
94,2019-02-21 09:13:04.272 +0900,2019-02-21 09:13:04.273 +0900,Examples,28,20,1,False,,False,,93,95,,False
93,2019-02-21 09:12:00.300 +0900,2019-02-21 09:12:00.300 +0900,Guide To A Good Card,28,20,1,False,,False,,92,94,,False
92,2019-02-21 09:11:22.723 +0900,2019-02-21 09:11:22.723 +0900,Types of Business Cards,28,20,1,False,,False,,91,93,,False
101,2019-02-21 09:23:46.739 +0900,2019-02-21 09:23:46.739 +0900,Appraisal Companies & Sites,29,20,1,False,,False,,100,0,,False
100,2019-02-21 09:23:32.651 +0900,2019-02-21 09:23:32.651 +0900,Valuation Data,29,20,1,False,,False,,99,101,,False
99,2019-02-21 09:22:53.467 +0900,2019-02-21 09:22:53.467 +0900,Investor Valuation,29,20,1,False,,False,,98,100,,False
98,2019-02-21 09:22:16.112 +0900,2019-02-21 09:22:16.112 +0900,Self-Valuation,29,20,1,False,,False,,97,99,,False
97,2019-02-21 09:21:07.186 +0900,2019-02-21 09:21:20.435 +0900,409A Valuation,29,20,1,False,,False,,0,98,,False
108,2019-02-22 01:12:25.100 +0900,2019-02-22 01:13:38.792 +0900,Metrics,30,20,1,False,,False,,107,0,,False
107,2019-02-22 01:11:57.628 +0900,2019-02-22 01:11:57.629 +0900,Goals,30,20,1,False,,False,,106,108,,False
106,2019-02-22 01:11:15.682 +0900,2019-02-22 01:11:15.682 +0900,Platforms,30,20,1,False,,False,,104,107,,False
104,2019-02-21 10:07:42.183 +0900,2019-02-21 10:07:42.183 +0900,Startup Guide,30,20,1,False,,False,,103,106,,False
131,2019-02-26 23:25:25.340 +0900,2019-02-26 23:25:25.340 +0900,agbaulgluabgilhl3ihtai4,31,17,1,False,,False,,130,132,,False
130,2019-02-26 23:25:19.093 +0900,2019-02-26 23:25:19.094 +0900,rgeargnalkgnlaueglkuaw4bgklaubgkl,31,17,1,False,,False,,129,131,,False
129,2019-02-26 23:25:14.074 +0900,2019-02-26 23:25:14.075 +0900,flerhi4gorgeugfitoi7w4gtiugaeg,31,17,1,False,,False,,128,130,,False
128,2019-02-26 23:25:08.868 +0900,2019-02-26 23:25:08.869 +0900,arhraha4at64644646s747,31,17,1,False,,False,,127,129,,False
127,2019-02-26 23:25:03.806 +0900,2019-02-26 23:25:03.806 +0900,aherhfbfarhbaerharh,31,17,1,False,,False,,126,128,,False
126,2019-02-26 23:24:59.464 +0900,2019-02-26 23:24:59.464 +0900,harhrah5u5rhdhbarha,31,17,1,False,,False,,125,127,,False
111,2019-02-22 21:43:04.382 +0900,2019-02-22 21:43:04.382 +0900,termsheet,32,19,1,False,,False,,110,365,,False
112,2019-02-23 09:01:15.389 +0900,2019-02-23 09:03:00.329 +0900,영어사전,33,17,1,False,,False,,0,0,,False
137,2019-02-27 07:52:47.747 +0900,2019-02-27 07:52:47.748 +0900,MVP,37,20,1,False,,False,,136,0,,False
136,2019-02-27 07:52:13.965 +0900,2019-02-27 07:52:13.965 +0900,Business Model Canvas,37,20,1,False,,False,,135,137,,False
135,2019-02-27 07:51:12.204 +0900,2019-02-27 07:51:12.205 +0900,Business Plan,37,20,1,False,,False,,134,136,,False
134,2019-02-27 07:49:55.077 +0900,2019-02-27 07:49:55.077 +0900,Tips & Advice,37,20,1,False,,False,,133,135,,False
133,2019-02-27 07:45:53.602 +0900,2019-02-27 07:46:07.763 +0900,Guide,37,20,1,False,,False,,0,134,,False
142,2019-02-27 07:59:11.550 +0900,2019-02-27 07:59:11.551 +0900,Winter Only,38,38,1,False,,False,,141,0,,False
141,2019-02-27 07:58:49.293 +0900,2019-02-27 07:58:49.293 +0900,Sledding,38,38,1,False,,False,,140,142,,False
140,2019-02-27 07:58:13.716 +0900,2019-02-27 07:58:13.716 +0900,Ice Skating,38,38,1,False,,False,,139,141,,False
139,2019-02-27 07:56:39.193 +0900,2019-02-27 07:56:39.193 +0900,Ski Resorts,38,38,1,False,,False,,138,140,,False
138,2019-02-27 07:55:29.302 +0900,2019-02-27 07:55:36.512 +0900,Winter Guide,38,38,1,False,,False,,0,139,,False
1060,2019-07-05 08:08:18.529 +0900,2019-07-05 08:08:18.529 +0900,Etc,338,349,1,False,,False,,1056,0,,False
1056,2019-07-04 01:41:37.102 +0900,2019-07-04 01:41:37.102 +0900,Lecture Notes,338,349,1,False,,False,,1055,1060,,False
1055,2019-07-04 01:41:28.067 +0900,2020-03-05 10:20:03.897 +0900,General,338,349,1,True,,False,,0,1056,,False
1057,2019-07-04 09:00:08.712 +0900,2020-03-05 10:20:03.898 +0900,General,339,363,1,True,,False,,0,0,,False
1058,2019-07-04 09:03:05.007 +0900,2020-03-05 10:20:03.900 +0900,General,340,363,1,True,,False,,0,0,,False
1062,2019-07-05 08:55:02.079 +0900,2020-03-05 10:20:03.903 +0900,General,341,363,1,True,,False,,0,0,,False
1063,2019-07-07 23:22:33.460 +0900,2020-03-05 10:20:03.905 +0900,General,342,363,1,True,,False,,0,0,,False
1064,2019-07-07 23:25:50.747 +0900,2020-03-05 10:20:03.906 +0900,General,343,363,1,True,,False,,0,0,,False
14657,2021-09-25 11:50:39.661 +0900,2021-09-25 11:50:39.661 +0900,내가 사랑하는 제주 맛집,6626,3131,1,False,,False,web,14658,14659,,False
1067,2019-07-09 00:57:21.247 +0900,2019-07-09 00:57:21.247 +0900,cost matters,344,17,1,False,,False,,1066,0,,False
1066,2019-07-09 00:54:18.880 +0900,2020-03-05 10:20:03.908 +0900,General,344,17,1,True,,False,,0,1067,,False
1068,2019-07-09 08:41:06.522 +0900,2020-03-05 10:20:03.909 +0900,General,345,349,1,True,,False,,0,0,,False
1078,2019-07-11 13:08:45.312 +0900,2019-07-11 13:16:42.577 +0900,Growth Hacking,346,349,1,False,,False,,1077,0,,False
110,2019-02-22 21:35:17.870 +0900,2019-04-11 22:35:24.084 +0900,VC lists,32,19,1,False,,False,,0,111,,False
151,2019-02-27 08:13:32.323 +0900,2019-02-27 08:13:32.323 +0900,Competitions,39,38,1,False,,False,,150,0,,False
157,2019-02-27 08:49:45.567 +0900,2019-02-27 08:49:45.567 +0900,Videos & Music,40,37,1,False,,False,,156,549,,False
156,2019-02-27 08:49:02.833 +0900,2019-02-27 08:49:02.833 +0900,Apps & Websites,40,37,1,False,,False,,155,157,,False
155,2019-02-27 08:48:37.228 +0900,2019-02-27 08:48:37.228 +0900,Effects of Stress,40,37,1,False,,False,,154,156,,False
154,2019-02-27 08:47:16.341 +0900,2019-02-27 08:47:16.341 +0900,Habits,40,37,1,False,,False,,153,155,,False
153,2019-02-27 08:45:34.372 +0900,2019-02-27 08:45:34.373 +0900,Tips & Techniques,40,37,1,False,,False,,152,154,,False
163,2019-02-27 08:59:51.467 +0900,2019-02-27 08:59:51.467 +0900,Other Options,41,37,1,False,,False,,162,410,,False
162,2019-02-27 08:59:13.387 +0900,2019-02-27 08:59:13.387 +0900,Follow Up,41,37,1,False,,False,,161,163,,False
161,2019-02-27 08:58:31.824 +0900,2019-02-27 08:58:31.825 +0900,Interview,41,37,1,False,,False,,160,162,,False
160,2019-02-27 08:55:57.870 +0900,2019-02-27 08:55:57.871 +0900,"Resumes, Cover Letters, and More",41,37,1,False,,False,,159,161,,False
159,2019-02-27 08:53:50.867 +0900,2019-02-27 08:53:50.867 +0900,Internship Listings,41,37,1,False,,False,,158,160,,False
169,2019-02-27 09:22:17.324 +0900,2019-02-27 09:22:17.324 +0900,Refinancing Loans,42,37,1,False,,False,,168,0,,False
168,2019-02-27 09:21:42.883 +0900,2019-02-27 09:21:42.883 +0900,Private Loans,42,37,1,False,,False,,167,169,,False
167,2019-02-27 09:19:32.018 +0900,2019-02-27 09:19:32.018 +0900,Federal Student Loans,42,37,1,False,,False,,166,168,,False
166,2019-02-27 09:17:58.691 +0900,2019-02-27 09:17:58.691 +0900,Repayment Options,42,37,1,False,,False,,165,167,,False
165,2019-02-27 09:15:27.716 +0900,2019-02-27 09:15:27.716 +0900,Types of Loans,42,37,1,False,,False,,164,166,,False
175,2019-02-28 08:13:06.318 +0900,2019-02-28 08:13:06.318 +0900,Motivation,43,39,1,False,,False,,174,0,,False
174,2019-02-28 08:10:20.538 +0900,2019-02-28 08:10:20.538 +0900,Apps,43,39,1,False,,False,,173,175,,False
173,2019-02-28 08:09:50.940 +0900,2019-02-28 08:09:50.940 +0900,Sleep,43,39,1,False,,False,,172,174,,False
172,2019-02-28 08:09:11.309 +0900,2019-02-28 08:09:11.309 +0900,Exercises,43,39,1,False,,False,,171,173,,False
171,2019-02-28 08:07:24.548 +0900,2019-02-28 08:07:24.548 +0900,Healthy Diets & Meals,43,39,1,False,,False,,170,172,,False
186,2019-02-28 08:28:57.054 +0900,2019-02-28 08:28:57.054 +0900,In-person Study Groups,44,39,1,False,,False,,185,470,,False
185,2019-02-28 08:27:59.785 +0900,2019-02-28 08:27:59.785 +0900,Text Editors for Coding,44,39,1,False,,False,,184,186,,False
184,2019-02-28 08:27:22.881 +0900,2019-02-28 08:27:22.881 +0900,Troubleshooting sites,44,39,1,False,,False,,183,185,,False
183,2019-02-28 08:26:36.577 +0900,2019-02-28 08:26:36.577 +0900,Best Programming Books,44,39,1,False,,False,,182,184,,False
182,2019-02-28 08:24:07.961 +0900,2019-02-28 08:24:07.961 +0900,Video Tutorials,44,39,1,False,,False,,181,183,,False
181,2019-02-28 08:22:55.183 +0900,2019-02-28 08:22:55.183 +0900,Online Resources to Learn,44,39,1,False,,False,,180,182,,False
180,2019-02-28 08:21:58.451 +0900,2019-02-28 08:21:58.451 +0900,Best Frameworks,44,39,1,False,,False,,179,181,,False
190,2019-02-28 08:56:02.961 +0900,2019-02-28 08:56:02.961 +0900,Interview Tips,45,40,1,False,,False,,189,373,,False
189,2019-02-28 08:54:15.575 +0900,2019-02-28 08:54:15.575 +0900,"Resume, Cover Letters, & More",45,40,1,False,,False,,188,190,,False
188,2019-02-28 08:53:08.367 +0900,2019-02-28 08:53:08.367 +0900,Job Listing Sites,45,40,1,False,,False,,187,189,,False
194,2019-03-01 02:37:04.897 +0900,2019-03-01 02:37:04.897 +0900,News,46,40,1,False,,False,,193,696,,False
193,2019-03-01 02:36:27.303 +0900,2019-03-01 02:36:27.303 +0900,Alternative Information,46,40,1,False,,False,,192,194,,False
192,2019-02-28 09:35:39.863 +0900,2019-02-28 09:35:39.864 +0900,Credible Sources,46,40,1,False,,False,,191,193,,False
196,2019-03-02 02:20:38.128 +0900,2019-03-02 02:20:38.129 +0900,Touristy things,47,18,1,False,,False,,195,560,,False
195,2019-03-02 02:20:07.846 +0900,2019-03-02 02:20:55.778 +0900,Classic LA Steakhouses,47,18,1,False,,False,,0,196,,False
198,2019-03-02 03:08:15.812 +0900,2019-03-02 03:08:15.813 +0900,Brunch with the Boys,48,18,1,False,,False,,197,0,,False
197,2019-03-02 03:07:20.524 +0900,2019-03-02 03:08:49.599 +0900,Pubs,48,18,1,False,,False,,0,198,,False
200,2019-03-02 04:02:18.001 +0900,2019-03-02 04:02:18.001 +0900,Travel,49,48,1,False,,False,,199,0,,False
201,2019-03-02 04:52:19.393 +0900,2019-03-02 04:53:36.821 +0900,General info,50,17,1,False,,False,,0,0,,False
206,2019-03-02 05:17:15.565 +0900,2019-03-02 05:17:15.565 +0900,MVP,51,40,1,False,,False,,205,350,,False
205,2019-03-02 05:16:46.868 +0900,2019-03-02 05:16:46.869 +0900,Business Model Canvas,51,40,1,False,,False,,204,206,,False
204,2019-03-02 05:16:00.052 +0900,2019-03-02 05:16:00.052 +0900,Business Plan,51,40,1,False,,False,,203,205,,False
203,2019-03-02 05:15:00.846 +0900,2019-03-02 05:15:00.846 +0900,Tips & Advice,51,40,1,False,,False,,202,204,,False
210,2019-03-04 18:58:46.928 +0900,2019-03-04 18:58:46.928 +0900,Screens,54,51,1,False,,False,,209,0,,False
209,2019-03-04 18:58:21.899 +0900,2019-03-05 01:15:25.871 +0900,Gameplay,54,51,1,False,,False,,0,210,,False
212,2019-03-05 01:20:50.777 +0900,2019-03-05 01:21:28.875 +0900,collection of BGM,56,17,1,False,,False,,0,0,,False
215,2019-03-05 07:46:13.932 +0900,2019-03-05 07:46:13.932 +0900,Boston Dev Events & Groups,57,20,1,False,,False,,214,0,,False
214,2019-03-05 07:45:07.251 +0900,2019-03-05 07:45:07.251 +0900,Places to Hire Dev,57,20,1,False,,False,,213,215,,False
222,2019-03-05 08:50:11.737 +0900,2019-03-05 08:50:11.738 +0900,Info about transit,58,52,1,False,,False,,221,0,,False
221,2019-03-05 08:50:00.848 +0900,2019-03-05 08:50:00.848 +0900,Apts - Other,58,52,1,False,,False,,220,222,,False
220,2019-03-05 08:49:54.523 +0900,2019-03-05 08:49:54.523 +0900,Apts - Brookline,58,52,1,False,,False,,219,221,,False
219,2019-03-05 08:49:10.879 +0900,2019-03-05 08:49:43.437 +0900,Apts - Roxbury,58,52,1,False,,False,,218,220,,False
218,2019-03-05 08:45:13.020 +0900,2019-03-05 08:49:27.069 +0900,Apts - Longwood,58,52,1,False,,False,,217,219,,False
217,2019-03-05 08:45:01.827 +0900,2019-03-05 10:47:32.544 +0900,Apts - JP,58,52,1,False,,False,,216,218,,False
248,2019-03-12 14:49:07.533 +0900,2019-03-12 14:49:07.534 +0900,Theatre,66,38,1,False,,False,,247,370,,False
247,2019-03-12 14:47:56.322 +0900,2019-03-12 14:47:56.322 +0900,Music,66,38,1,False,,False,,246,248,,False
246,2019-03-12 14:46:48.120 +0900,2019-03-12 14:46:48.120 +0900,Food,66,38,1,False,,False,,245,247,,False
245,2019-03-12 14:45:55.868 +0900,2019-03-12 14:45:55.868 +0900,Festivals,66,38,1,False,,False,,244,246,,False
244,2019-03-12 14:44:17.301 +0900,2019-03-12 14:44:25.493 +0900,Spring Guide,66,38,1,False,,False,,0,245,,False
251,2019-03-13 03:09:36.216 +0900,2019-03-13 03:09:36.216 +0900,GAP Insurance,67,39,1,False,,False,,250,252,,False
250,2019-03-13 03:07:40.992 +0900,2019-03-13 03:07:40.993 +0900,What is a Lease?,67,39,1,False,,False,,249,251,,False
249,2019-03-13 03:06:43.248 +0900,2019-03-13 03:06:51.901 +0900,Overview,67,39,1,False,,False,,0,250,,False
1077,2019-07-11 13:06:33.315 +0900,2019-07-11 13:06:33.315 +0900,CI/CD,346,349,1,False,,False,,1076,1078,,False
1076,2019-07-11 12:51:20.179 +0900,2020-03-05 10:20:03.911 +0900,General,346,349,1,True,,False,,0,1077,,False
1080,2019-07-12 00:19:47.575 +0900,2020-03-05 10:20:03.913 +0900,General,347,349,1,True,,False,,0,0,,False
1164,2019-07-25 06:34:53.465 +0900,2019-07-25 06:34:53.465 +0900,others,348,349,1,False,,False,,1081,0,,False
1081,2019-07-12 03:17:48.367 +0900,2020-03-05 10:20:03.914 +0900,General,348,349,1,True,,False,,0,1164,,False
1168,2019-07-25 12:44:04.903 +0900,2020-03-05 10:20:03.970 +0900,General,387,349,1,True,,False,,0,0,,False
1170,2019-07-25 12:53:27.652 +0900,2020-03-05 10:20:03.971 +0900,General,388,349,1,True,,False,,0,0,,False
1178,2019-07-27 08:39:35.834 +0900,2019-07-27 08:39:35.834 +0900,etc,389,349,1,False,,False,,1177,0,,False
1177,2019-07-27 08:20:55.254 +0900,2020-03-05 10:20:03.973 +0900,General,389,349,1,True,,False,,0,1178,,False
1179,2019-07-28 10:05:47.339 +0900,2020-03-05 10:20:03.974 +0900,General,390,349,1,True,,False,,0,0,,False
1185,2019-07-29 09:16:06.651 +0900,2020-03-05 10:20:03.976 +0900,General,391,349,1,True,,False,,0,0,,False
1186,2019-07-29 09:18:15.693 +0900,2020-03-05 10:20:03.978 +0900,General,392,349,1,True,,False,,0,0,,False
1187,2019-07-29 09:22:15.562 +0900,2020-03-05 10:20:03.980 +0900,General,393,349,1,True,,False,,0,0,,False
14658,2021-09-25 11:50:39.718 +0900,2021-09-25 11:50:39.718 +0900,인스타그램 각 핫플,6626,3131,3,False,,False,web,0,14657,,False
259,2019-03-13 03:20:38.385 +0900,2019-03-13 03:20:41.524 +0900,Sites,67,39,1,False,,False,,258,0,,False
271,2019-03-13 03:35:51.874 +0900,2019-03-13 03:35:51.874 +0900,Where to Buy,68,20,1,False,,False,,270,0,,False
270,2019-03-13 03:35:24.942 +0900,2019-03-13 03:35:24.942 +0900,Technical Specifications,68,20,1,False,,False,,269,271,,False
269,2019-03-13 03:34:34.596 +0900,2019-03-13 03:34:34.596 +0900,Accessories,68,20,1,False,,False,,268,270,,False
268,2019-03-13 03:32:35.447 +0900,2019-03-13 03:32:35.447 +0900,Trusted Documentation,68,20,1,False,,False,,267,269,,False
267,2019-03-13 03:31:38.768 +0900,2019-03-13 03:31:38.768 +0900,Pros and Cons,68,20,1,False,,False,,266,268,,False
266,2019-03-13 03:30:36.873 +0900,2019-03-13 03:30:36.873 +0900,Installation Guide,68,20,1,False,,False,,265,267,,False
265,2019-03-13 03:30:22.798 +0900,2019-03-13 03:30:22.799 +0900,Portable Air Purifiers,68,20,1,False,,False,,264,266,,False
264,2019-03-13 03:29:39.104 +0900,2019-03-13 03:29:39.104 +0900,How It Works,68,20,1,False,,False,,263,265,,False
278,2019-03-13 03:44:23.499 +0900,2019-03-13 03:44:23.499 +0900,School Events,69,20,1,False,,False,,277,716,,False
276,2019-03-13 03:42:55.248 +0900,2019-03-13 03:42:55.248 +0900,Meeting People,69,20,1,False,,False,,275,277,,False
275,2019-03-13 03:42:02.875 +0900,2019-03-13 03:42:02.875 +0900,Food in Boston,69,20,1,False,,False,,274,276,,False
274,2019-03-13 03:41:30.854 +0900,2019-03-13 03:41:30.854 +0900,Ticketed Events,69,20,1,False,,False,,273,275,,False
273,2019-03-13 03:40:13.954 +0900,2019-03-13 03:40:13.954 +0900,Event Guides,69,20,1,False,,False,,272,274,,False
272,2019-03-13 03:38:36.556 +0900,2019-03-13 03:38:43.399 +0900,Event Listings,69,20,1,False,,False,,0,273,,False
290,2019-03-13 03:55:32.561 +0900,2019-03-13 03:55:32.561 +0900,For Fun,70,39,1,False,,False,,289,0,,False
289,2019-03-13 03:54:45.867 +0900,2019-03-13 03:54:45.868 +0900,Keeping Up-To-Date w/ Cryptocurrencies,70,39,1,False,,False,,288,290,,False
288,2019-03-13 03:54:00.985 +0900,2019-03-13 03:54:00.985 +0900,How To Mine Cryptocurrencies,70,39,1,False,,False,,287,289,,False
287,2019-03-13 03:53:40.182 +0900,2019-03-13 03:53:40.182 +0900,How to Store Cryptocurrencies,70,39,1,False,,False,,286,288,,False
286,2019-03-13 03:53:12.052 +0900,2019-03-13 03:53:12.052 +0900,How To Buy Cryptocurrencies,70,39,1,False,,False,,285,287,,False
285,2019-03-13 03:52:22.000 +0900,2019-03-13 03:52:22.000 +0900,Big Names In Cryptocurrency World,70,39,1,False,,False,,284,286,,False
284,2019-03-13 03:51:33.516 +0900,2019-03-13 03:51:33.516 +0900,Most Popular Cryptocurrencies,70,39,1,False,,False,,283,285,,False
283,2019-03-13 03:51:04.796 +0900,2019-03-13 03:51:04.797 +0900,Uses and Future Uses of Blockchain,70,39,1,False,,False,,282,284,,False
282,2019-03-13 03:49:27.417 +0900,2019-03-13 03:49:27.417 +0900,Pros & Cons of Blockchain & Cryptocurrencies,70,39,1,False,,False,,281,283,,False
281,2019-03-13 03:48:22.610 +0900,2019-03-13 03:48:22.611 +0900,What Are Cryptocurrencies?,70,39,1,False,,False,,280,282,,False
292,2019-03-13 05:09:59.420 +0900,2019-03-13 05:09:59.421 +0900,Streaming sites,71,19,1,False,,False,,291,454,,False
291,2019-03-13 04:34:08.477 +0900,2019-03-13 04:34:40.478 +0900,movie DB,71,19,1,False,,False,,0,292,,False
295,2019-03-13 11:12:56.447 +0900,2019-03-13 11:18:03.952 +0900,World,72,72,1,False,,False,,294,0,,False
294,2019-03-13 11:12:50.778 +0900,2019-03-13 11:12:50.778 +0900,Political News,72,72,1,False,,False,,293,295,,False
293,2019-03-13 11:12:16.423 +0900,2019-03-13 11:13:11.160 +0900,Economic News,72,72,1,False,,False,,0,294,,False
307,2019-03-16 06:44:14.668 +0900,2019-03-16 06:44:14.668 +0900,The DARK Web,74,80,1,False,,False,,306,0,,False
306,2019-03-16 06:44:04.534 +0900,2019-03-16 06:44:04.534 +0900,CyberSecurity,74,80,1,False,,False,,305,307,,False
305,2019-03-16 06:43:24.956 +0900,2019-03-16 06:43:24.956 +0900,BlackHat World,74,80,1,False,,False,,304,306,,False
304,2019-03-16 06:42:49.161 +0900,2019-03-16 06:42:49.162 +0900,WebMaster Ulitities,74,80,1,False,,False,,303,305,,False
303,2019-03-16 06:42:19.337 +0900,2019-03-16 06:42:19.337 +0900,Website Authoring (Software),74,80,1,False,,False,,302,304,,False
302,2019-03-16 06:41:31.600 +0900,2019-03-16 06:41:31.600 +0900,Site Management,74,80,1,False,,False,,301,303,,False
301,2019-03-16 06:40:51.425 +0900,2019-03-16 06:40:51.426 +0900,Rank Well,74,80,1,False,,False,,300,302,,False
300,2019-03-16 06:40:42.393 +0900,2019-03-16 06:40:42.394 +0900,Properly Optimized,74,80,1,False,,False,,299,301,,False
299,2019-03-16 06:40:28.458 +0900,2019-03-16 06:40:28.458 +0900,Mobile-Compliant,74,80,1,False,,False,,298,300,,False
298,2019-03-16 06:38:47.659 +0900,2019-03-16 06:45:36.522 +0900,To Google AMP or Not to Google AMP,74,80,1,False,,False,,0,299,,False
310,2019-03-18 11:21:07.426 +0900,2019-03-18 11:21:07.427 +0900,Other Resources,76,89,1,False,,False,,309,480,,False
309,2019-03-18 11:20:25.687 +0900,2019-03-18 11:20:51.827 +0900,Official Resources,76,89,1,False,,False,,0,310,,False
312,2019-03-19 02:19:41.379 +0900,2019-03-19 02:19:41.379 +0900,web,77,88,1,False,,False,,311,0,,False
314,2019-03-20 02:07:15.772 +0900,2019-03-20 02:07:15.773 +0900,symptoms,78,17,1,False,,False,,313,0,,False
317,2019-03-21 01:30:13.582 +0900,2019-03-21 01:30:13.583 +0900,Credit History,80,96,1,False,,False,,316,529,,False
323,2019-03-21 06:40:46.820 +0900,2019-03-21 06:40:46.820 +0900,Homestay,81,37,1,False,,False,,322,0,,False
322,2019-03-21 06:35:47.180 +0900,2019-03-21 06:36:29.816 +0900,Attractions,81,37,1,False,,False,,321,323,,False
321,2019-03-21 06:35:40.233 +0900,2019-03-21 06:35:40.233 +0900,Commute,81,37,1,False,,False,,320,322,,False
320,2019-03-21 06:35:36.069 +0900,2019-03-21 06:35:36.070 +0900,Legal Issues,81,37,1,False,,False,,319,321,,False
319,2019-03-21 06:35:27.928 +0900,2019-03-21 06:36:35.427 +0900,Off-Campus Housing,81,37,1,False,,False,,318,320,,False
325,2019-03-21 07:36:17.310 +0900,2019-03-21 07:36:17.310 +0900,Health,82,97,1,False,,False,,324,0,,False
331,2019-03-22 09:35:18.284 +0900,2019-03-22 09:35:18.285 +0900,Grammar,83,101,1,False,,False,,330,0,,False
330,2019-03-22 09:35:12.339 +0900,2019-03-22 09:35:12.339 +0900,Vocab,83,101,1,False,,False,,329,331,,False
329,2019-03-22 09:34:23.850 +0900,2019-03-22 09:34:23.850 +0900,Charts,83,101,1,False,,False,,328,330,,False
328,2019-03-22 09:34:16.719 +0900,2019-03-22 09:34:16.720 +0900,Videos,83,101,1,False,,False,,327,329,,False
327,2019-03-22 09:34:12.113 +0900,2019-03-22 09:36:12.316 +0900,Learning Materials,83,101,1,False,,False,,326,328,,False
338,2019-03-23 00:20:17.582 +0900,2019-03-23 00:20:17.583 +0900,Where to Buy,84,20,1,False,,False,,337,0,,False
337,2019-03-23 00:13:45.344 +0900,2019-03-23 00:13:45.345 +0900,Reviews & Specs,84,20,1,False,,False,,336,338,,False
336,2019-03-23 00:03:54.563 +0900,2019-03-23 00:06:14.086 +0900,Best Wireless,84,20,1,False,,False,,335,337,,False
335,2019-03-22 23:58:53.544 +0900,2019-03-22 23:58:53.544 +0900,Visual Examples,84,20,1,False,,False,,334,336,,False
333,2019-03-22 23:46:15.863 +0900,2019-03-22 23:46:15.863 +0900,Buying Guide,84,20,1,False,,False,,332,334,,False
332,2019-03-22 23:38:18.663 +0900,2019-03-22 23:38:40.540 +0900,Types of Headphones,84,20,1,False,,False,,0,333,,False
363,2019-03-29 03:32:03.289 +0900,2019-03-29 03:32:03.289 +0900,Grammar,92,111,1,False,,False,,362,376,,False
1083,2019-07-12 14:15:24.975 +0900,2020-03-05 10:20:03.917 +0900,General,350,349,1,True,,False,,0,0,,False
1084,2019-07-12 15:49:43.597 +0900,2020-03-05 10:20:03.919 +0900,General,351,349,1,True,,False,,0,1085,,False
1086,2019-07-13 06:36:46.985 +0900,2020-03-05 10:20:03.920 +0900,General,352,349,1,True,,False,,0,1087,,False
1089,2019-07-13 06:44:52.556 +0900,2020-03-05 10:20:03.922 +0900,General,353,349,1,True,,False,,0,1090,,False
1092,2019-07-13 16:08:30.232 +0900,2020-03-05 10:20:03.924 +0900,General,354,349,1,True,,False,,0,0,,False
1094,2019-07-14 08:35:14.958 +0900,2020-03-05 10:20:03.925 +0900,General,355,349,1,True,,False,,0,0,,False
1095,2019-07-14 08:40:05.730 +0900,2020-03-05 10:20:03.927 +0900,General,356,349,1,True,,False,,0,0,,False
1096,2019-07-14 09:14:29.228 +0900,2020-03-05 10:20:03.929 +0900,General,357,349,1,True,,False,,0,1097,,False
467,2019-04-13 04:55:52.909 +0900,2019-04-13 04:55:52.910 +0900,Finding Investors,32,108,1,False,,False,,365,540,,False
411,2019-04-11 00:03:05.040 +0900,2019-04-11 00:03:05.040 +0900,Career Fair & Events,41,40,1,False,,False,,410,0,,False
410,2019-04-11 00:00:30.847 +0900,2019-04-11 00:00:30.847 +0900,Portfolio,41,40,1,False,,False,,163,411,,False
470,2019-04-13 05:23:43.209 +0900,2019-04-13 05:23:43.209 +0900,Communities,44,20,1,False,,False,,186,0,,False
374,2019-04-05 03:34:27.051 +0900,2019-04-05 03:34:27.051 +0900,Networking,45,39,1,False,,False,,373,0,,False
373,2019-04-05 03:26:07.106 +0900,2019-04-05 03:26:07.106 +0900,Career Fairs & Events,45,39,1,False,,False,,190,374,,False
350,2019-03-25 12:19:02.641 +0900,2019-03-25 12:19:13.755 +0900,Building your team,51,77,1,False,,False,,206,539,,False
407,2019-04-10 21:36:25.846 +0900,2019-04-10 21:36:52.931 +0900,QA,66,164,1,False,,False,,372,0,,False
372,2019-04-05 03:06:51.366 +0900,2019-04-05 03:06:51.367 +0900,Fashion,66,37,1,False,,False,,371,407,,False
454,2019-04-12 21:43:39.643 +0900,2019-04-12 21:43:39.643 +0900,TV,71,13,1,False,,False,,292,0,,False
315,2019-03-21 00:43:02.770 +0900,2019-04-06 06:41:27.304 +0900,General idea,79,17,1,False,,False,,0,0,,False
343,2019-03-23 01:39:02.777 +0900,2019-03-23 01:39:02.777 +0900,Reviews,85,39,1,False,,False,,342,0,,False
342,2019-03-23 01:32:48.163 +0900,2019-03-23 01:32:48.163 +0900,Deals & Promotions,85,39,1,False,,False,,341,343,,False
341,2019-03-23 01:17:52.301 +0900,2019-03-23 01:17:52.301 +0900,Best in Boston,85,39,1,False,,False,,340,342,,False
349,2019-03-23 13:26:07.950 +0900,2019-03-23 13:26:07.950 +0900,Hidden Gems,86,39,1,False,,False,,348,523,,False
348,2019-03-23 13:01:41.770 +0900,2019-03-23 13:01:41.771 +0900,Events,86,39,1,False,,False,,347,349,,False
347,2019-03-23 12:55:44.373 +0900,2019-03-23 12:55:44.373 +0900,Places of Interest,86,39,1,False,,False,,346,348,,False
346,2019-03-23 12:55:33.458 +0900,2019-03-23 12:55:33.458 +0900,Museums,86,39,1,False,,False,,345,347,,False
345,2019-03-23 12:55:05.896 +0900,2019-03-23 12:55:05.896 +0900,Food,86,39,1,False,,False,,344,346,,False
376,2019-04-05 22:21:36.532 +0900,2019-04-05 22:21:36.532 +0900,Online courses,92,111,1,False,,False,,363,0,,False
362,2019-03-29 03:25:43.978 +0900,2019-03-29 03:25:43.978 +0900,News in Spanish,92,111,1,False,,False,,361,363,,False
361,2019-03-28 22:39:02.373 +0900,2019-03-28 22:39:02.373 +0900,Blogs,92,111,1,False,,False,,360,362,,False
360,2019-03-28 22:35:42.645 +0900,2019-03-28 22:35:42.645 +0900,Dictionary,92,19,1,False,,False,,359,361,,False
359,2019-03-28 22:34:13.057 +0900,2019-03-28 22:34:13.057 +0900,Visual materials,92,111,1,False,,False,,358,360,,False
405,2019-04-10 17:44:25.996 +0900,2019-04-10 17:44:25.997 +0900,Trip,94,164,1,False,,False,,396,0,,False
396,2019-04-10 04:24:13.234 +0900,2019-04-10 04:24:13.234 +0900,Lighthouses,94,18,1,False,,False,,378,405,,False
378,2019-04-09 05:53:10.327 +0900,2019-04-09 05:53:10.328 +0900,Time to Eat!,94,18,1,False,,False,,375,396,,False
375,2019-04-05 04:55:48.321 +0900,2019-04-05 04:55:48.321 +0900,Activities,94,119,1,False,,False,,366,378,,False
368,2019-04-03 05:40:50.521 +0900,2019-04-03 05:40:50.521 +0900,meal plan,95,19,1,False,,False,,367,0,,False
367,2019-04-03 05:38:39.087 +0900,2019-04-08 23:41:51.174 +0900,How to screening,95,19,1,False,,False,,0,368,,False
384,2019-04-10 01:49:51.306 +0900,2019-04-10 01:49:51.306 +0900,Cofounder Agreement,98,20,1,False,,False,,383,0,,False
383,2019-04-10 01:49:46.418 +0900,2019-04-10 01:49:46.418 +0900,Networking,98,20,1,False,,False,,382,384,,False
382,2019-04-10 01:49:41.553 +0900,2019-04-10 01:49:41.553 +0900,Hiring,98,20,1,False,,False,,381,383,,False
381,2019-04-10 01:49:36.213 +0900,2019-04-10 01:49:36.213 +0900,Makings of a Startup Team,98,20,1,False,,False,,380,382,,False
394,2019-04-10 03:43:53.404 +0900,2019-04-10 03:43:53.404 +0900,Travel Blogs,99,20,1,False,,False,,393,3495,,False
393,2019-04-10 03:43:49.192 +0900,2019-04-10 03:43:49.193 +0900,Transportation,99,20,1,False,,False,,392,394,,False
392,2019-04-10 03:43:42.353 +0900,2019-04-10 03:43:42.353 +0900,Accommodations,99,20,1,False,,False,,391,393,,False
391,2019-04-10 03:43:32.288 +0900,2019-04-10 03:43:32.288 +0900,Visa,99,20,1,False,,False,,390,392,,False
389,2019-04-10 03:43:21.922 +0900,2019-04-10 03:43:21.923 +0900,Reward Cards,99,20,1,False,,False,,388,390,,False
466,2019-04-13 03:19:56.193 +0900,2019-04-13 03:19:56.193 +0900,Green Screen Overlays,121,20,1,False,,False,,465,0,,False
465,2019-04-13 03:19:08.883 +0900,2019-04-13 03:19:08.883 +0900,After Effects,121,20,1,False,,False,,427,466,,False
427,2019-04-11 07:14:00.970 +0900,2019-04-11 07:14:07.976 +0900,Soundtracks,121,18,1,False,,False,,426,465,,False
438,2019-04-12 00:49:17.563 +0900,2019-04-12 00:49:17.564 +0900,Cover Letter Examples,124,38,1,False,,False,,437,0,,False
437,2019-04-12 00:40:21.552 +0900,2019-04-12 00:40:21.552 +0900,Worst Resume Examples,124,37,1,False,,False,,436,438,,False
436,2019-04-12 00:40:15.991 +0900,2019-04-12 00:40:15.991 +0900,Resume for Students,124,37,1,False,,False,,435,437,,False
435,2019-04-12 00:37:58.355 +0900,2019-04-12 00:37:58.355 +0900,Best Resume Examples,124,40,1,False,,False,,434,436,,False
434,2019-04-12 00:36:58.800 +0900,2019-04-12 00:36:58.800 +0900,How to Write a Cover Letter,124,40,1,False,,False,,433,435,,False
433,2019-04-12 00:36:38.584 +0900,2019-04-12 00:36:48.821 +0900,How To Write a Resume,124,40,1,False,,False,,0,434,,False
464,2019-04-13 02:48:40.247 +0900,2019-04-13 02:48:40.247 +0900,TV & Movies to Learn From,125,20,1,False,,False,,462,472,,False
462,2019-04-13 02:45:22.702 +0900,2019-04-13 02:45:22.702 +0900,Language Partners,125,20,1,False,,False,,444,464,,False
444,2019-04-12 01:29:45.529 +0900,2019-04-12 01:29:45.529 +0900,news,125,111,1,False,,False,,443,462,,False
443,2019-04-12 01:29:22.869 +0900,2019-04-12 01:29:22.870 +0900,grammar,125,111,1,False,,False,,442,444,,False
442,2019-04-12 01:28:58.000 +0900,2019-04-12 01:28:58.000 +0900,dictionaries,125,111,1,False,,False,,441,443,,False
441,2019-04-12 01:28:34.460 +0900,2019-04-12 01:28:34.460 +0900,blogs,125,111,1,False,,False,,440,442,,False
440,2019-04-12 01:28:26.577 +0900,2019-04-12 01:28:26.577 +0900,video,125,111,1,False,,False,,439,441,,False
439,2019-04-12 01:27:02.765 +0900,2019-04-12 01:28:09.825 +0900,Online Courses,125,111,1,False,,False,,0,440,,False
450,2019-04-12 15:49:34.747 +0900,2019-04-12 15:49:34.747 +0900,QA,126,164,1,False,,False,,449,0,,False
449,2019-04-12 15:48:36.259 +0900,2019-04-12 15:48:36.259 +0900,New,126,164,1,False,,False,,448,450,,False
448,2019-04-12 15:42:22.553 +0900,2019-04-12 15:42:22.553 +0900,Tutorial,126,164,1,False,,False,,447,449,,False
447,2019-04-12 15:33:37.861 +0900,2019-04-12 15:33:37.861 +0900,Design,126,164,1,False,,False,,446,448,,False
446,2019-04-12 15:33:00.227 +0900,2019-04-12 15:33:00.227 +0900,idea,126,164,1,False,,False,,445,447,,False
